mention_id,date,price_usd,confidence,mention_type,raw_fragment,tweet_text,valid_btc_mention
430,2024-02-21,1000000,0.5,unclassified,million,@BenJustman I just ran the numbers on Nvidia and it's absolutely mind blowing to see companies with market caps &gt; 21 million bitcoin.  https://t.co/5gJZ9dj9ak,
446,2024-02-29,171000,0.6,current,~$171k,"Today, we saw $MSTR flash above $1,000 for the first time since 2/12/2021.  With their wildly successful leveraged #Bitcoin strategy, it takes a BTC price of ~$171k for @saylor to finally eclipse the stock's highest every mark of $3,130 on 3/10/2000.  What date does that happen?",yes
448,2024-03-02,100000,0.6,conditional,$100k,"When #Bitcoin eclipses $100k, $MSTR stands to climb to  around a $31B market cap, bringing it to 283 on our list, right next to companies like Halliburton. https://t.co/0DWdPh6tVT",yes
449,2024-03-02,200000,0.6,unclassified,$200k,"We'll see how Microstrategy’s leverage strategy plays out.   It seems reasonably likely that their rate of over-performance from #Bitcoin begins to slightly diminish.  Still, at $200k, the company would jump to ~64B, spot 139, right next to players like Paypal. https://t.co/euCsWKnrLk",yes
450,2024-03-02,400000,0.6,unclassified,$400k,Not bullish enough?   At 6.5x price pump with $400k #Bitcoin (continuing to assume diminishing outperformance from #Bitcoin) $MSTR hits our 66th spot with a 128B market cap.   At this point becoming borderline impossible to be left out of some of these market index funds. https://t.co/jdGQXIrteG,yes
451,2024-03-02,650000,0.6,unclassified,~$650k,"At this point the market cap of $GLD is in sight.   When #Bitcoin breaks through this point at ~$650k, this would launch Microstrategy to a valuation of 210B…  ....above Walt Disney, Wells Fargo, and McDonalds (up to 33) https://t.co/1MmRqbQwUH",yes
452,2024-03-02,100000,0.6,prediction,$100k,"@alek10002 Wow. That would be wild numbers!  I think that $100k happens sooner than we think, but I don't think the rest of the world will be on the same page with how to price MSTR at that point.  I think that the price of the bitcoin, plus a small premium because of their ability to execute on a strategy with leverage, and their cashflow are going to be the primary drivers until more of the world gets on a #Bitcoin standard.  It's even farther accentuated if MSTR can break into the bitcoin business in a meaningful way.  And another order when they are included in everyones investment portfolios once MSTR is formally included int the SP500.",yes
454,2024-03-03,16000,0.6,conditional,$16k,"@TheBTCTherapist I'm honestly not sure if I'm more proud of my $16k bitcoin buys or my $160 $MSTR buys back in 2022.  The $MSTR buy is certainly up more, but the sats just feel so much sweeter.",yes
456,2024-03-03,63000,0.6,unclassified,$63k,"$63k #Bitcoin is so boring....  Give me that sweet, sweet pump juice. I just want to feel something again.",yes
459,2024-03-04,401000,0.5,conditional,401k,@Bastiat677637 What's particularly interesting for $MSTR is that they are now selling some of their stock to buy more bitcoin.  If/when they get added to the S&P this seems like it has the potential to create more of a flywheel effect if they continue in this manner.   Basically making all those people blindly contributing to their 401k's now indirectly driving more bitcoin adoption.,no
467,2024-03-07,68000,0.6,conditional,$68k,#Bitcoin just hit $68k and I'm already bored 🙄  If we don't get a pump or dump soon I'm going to have to  strap a car battery onto my nipples so I can finally feel something again.,yes
475,2024-03-12,70000,0.7,current,$70k,I've officially done my due diligence.  Broke the ATH and reached out to a couple close friends and family members. I'm still being met with a TON of resistance.  The $70k price the biggest bottleneck currently.  Soooo much saltiness.  #Bitcoin is an ego test 🧠,yes
482,2024-03-13,300000,0.6,unclassified,$300k,"At $300k, he hits $23.5 Billion.  This is also the point at which I believe we really begin to see diminishing returns of $MSTR over-performing #Bitcoin. (for more details on that see previous thread linked after this one).  This moves him above Eric Schmidt, ex-CEO of Google.",yes
514,2024-03-26,850000,0.6,current,850k,"@bitcoindriven It's called ""Grind"" its pretty low tier (about 850k sats currently)  Gets the job done.",no
540,2024-04-19,60000,0.6,unclassified,$60k,#Bitcoin ETFs and $MSTR open the day like we didn't even dip under $60k yesterday 🤣 https://t.co/pHoRgH6nYD,yes
550,2024-04-22,501000,0.7,prediction,$501k,At a 50% compound annual growth rate #Bitcoin will be worth:  $501k in 5 years $3.8MM in 10 years $28.9MM in 15 years  But what about right now? What is the current CAGR?   Let's keep going.,yes
552,2024-04-29,401000,0.5,conditional,401k,"Self custodial #Bitcoin is the ideal asset, but if you have a heavily locked down 401k: $MSTR &gt; $IBIT  The ETFs buy Bitcoin on your behalf, but $MSTR takes your dirty fiat and shorts the $USD with intelligent leverage, more aggressively moving us towards hyperbitcoinization.",no
556,2024-05-04,40000,0.6,unclassified,$40K,"About two days ago my mom reached out that one of her day trading coworkers sold all their #Bitcoin   ""It's going to $40K""  I explained that Bitcoin is one of the worst assets in the world to trade, since 10 days per year make up majority of the gains.  This timing is just 💚💚 https://t.co/Bvi0DCAsvK",yes
570,2024-05-20,170000,0.5,prediction,170k,"@TPmarketwatch @Nick17350031933 Exactly, I think as of today it takes $680k Bitcoin to flip gold.   But I think gold will pump by at least 20% over the same period before Bitcoin overtakes it.   (Then probably crashes down to 170k or something in a potential outcome where it pumps that high)",yes
569,2024-05-20,680000,0.6,prediction,$680k,"@TPmarketwatch @Nick17350031933 Exactly, I think as of today it takes $680k Bitcoin to flip gold.   But I think gold will pump by at least 20% over the same period before Bitcoin overtakes it.   (Then probably crashes down to 170k or something in a potential outcome where it pumps that high)",yes
571,2024-05-20,69000,0.7,unclassified,$69k,I anticipate reposting this #Bitcoin meme 69 times before we leave $69k for good!  Current status: 23/69,yes
573,2024-05-21,1000000,0.5,unclassified,million,"@CedYoungelman This ""buy at any price logic""  is exactly why Bitcoin is going to $100 million.   Soon, the masses are going to start making mindless monthly allocations to Bitcoin, without even knowing it.   Just look at the $MSTR inclusion in funds, this is beginning to happen already.",
574,2024-05-24,70000,0.6,unclassified,70k,"@aizorr0 @pete_rizzo_ I don't believe that Satoshi actually has the keys anymore to do this.   Can you think of anyone else?   The Winklevoss Twins apparently have 70k BTC which beat out Saylor by a bit.   There are a couple of their addresses with nearly 100,000 BTC.",no
588,2024-05-31,1000000,0.5,prediction,1 millions,After the 2044 halving the #Bitcoin block reward will be ~1 millions sats.  Massive energy companies pooling all of their resources together will be competing for something that you can buy today for $685.  Do with that information what you will.,
595,2024-06-05,28000,0.6,conditional,28k,"@WalterWhit82754 @TPmarketwatch I think this would be cool, but I can't imagine it making any sense in our current market structure.  Just imagine the problem around UTXO sizes? What if a person only has one share and they only get 28k sats?  Maybe they get a lightning integration?  Does their IRA support it?",
615,2024-06-20,75000,0.6,current,$75k,Maybe you don't need quite so much to survive? Let's use $75k instead and a smaller CAGR of 40%.  Even still stacking 0.1 #Bitcoin (only $6500 today) should allow you to retire in 2042.   A tiny price to pay for something that most people work for their entire lives to achieve!,yes
623,2024-06-30,71000,0.6,prediction,71k,"Word count is a terrible metric for writers.  I've been working on my Bitcoin Novel for over two years now.  It's currently 71k words.  Or only 100 words/day.  Which makes me seem glacially slow at writing... but that doesn't tell the whole story.  Sometimes I chop off gigantic sections and that's the best thing for the story.  Other times I rewrite an entire chapter for the third time because it isn't quite working.  The longer I've been doing this the more I think the best metric is simply how much time you spent in deep focused working sessions.   Trying to jam creative output into a single metric so you get a dopamine hit can be counter intuitive to the real goal: create a great story.  Great fiction requires great sacrifice.  One of the deepest lessons I've learned from #Bitcoin is that anything worth making requires Proof of Work and Low Time Preference  ""Once you know the way broadly, you will see it in all things.""",no
643,2024-07-11,1000000,0.7,conditional,between $500k and $1M,"Let's take @rajatsoni's math a bit further.  If you bought $100 of #Bitcoin at the very top of $69k in 2021, and kept buying $100 every single month, you'd have $7128 now.  If someone in Gen Z saved $100 in stocks, $100 dollars in bonds, or $100 towards a down payment they would never, ever, be able to save enough for retirement.  The current system gives them no hope.  But if they were to instead learn about #Bitcoin and use it as a savings account they would actually have hope for their financial future.  If they continue saving that $100 per month for the next 15 years, they'll have somewhere between $500k and $1MM by 2040.",no
642,2024-07-11,500000,0.7,conditional,between $500k and $1M,"Let's take @rajatsoni's math a bit further.  If you bought $100 of #Bitcoin at the very top of $69k in 2021, and kept buying $100 every single month, you'd have $7128 now.  If someone in Gen Z saved $100 in stocks, $100 dollars in bonds, or $100 towards a down payment they would never, ever, be able to save enough for retirement.  The current system gives them no hope.  But if they were to instead learn about #Bitcoin and use it as a savings account they would actually have hope for their financial future.  If they continue saving that $100 per month for the next 15 years, they'll have somewhere between $500k and $1MM by 2040.",no
644,2024-07-11,69000,0.7,conditional,$69k,"Let's take @rajatsoni's math a bit further.  If you bought $100 of #Bitcoin at the very top of $69k in 2021, and kept buying $100 every single month, you'd have $7128 now.  If someone in Gen Z saved $100 in stocks, $100 dollars in bonds, or $100 towards a down payment they would never, ever, be able to save enough for retirement.  The current system gives them no hope.  But if they were to instead learn about #Bitcoin and use it as a savings account they would actually have hope for their financial future.  If they continue saving that $100 per month for the next 15 years, they'll have somewhere between $500k and $1MM by 2040.",yes
654,2024-07-26,300000,0.5,prediction,$300k,"@HodlMagoo @saylor I'm personally working with a 12% inflation rate prediction over the next 20 years.  Which puts a load of bread a $3 today.  $30 in 2045.  In other words, his predictions adjusted for that rate in todays prices are:  Bear: $300k Base: $1.3MM Bull: $4.9MM",yes
668,2024-08-19,1000000,0.5,prediction,million,Every podcast will eventually become a #Bitcoin podcast.   Are you mentally prepared for Joe Rogan to figure out infinity/21 million?  Or the All In guys start talking about their public $MSTR bags?  You're not bullish enough.,no
677,2024-08-23,26000,0.7,prediction,$26k,"Inflation disproportionately harms those who are the poorest in society.  If you've studied #Bitcoin you know this to be true.  Nothing illustrates this better than the game of Monopoly.   Imagine you're playing Monopoly with four people, Player 1 has taken complete control over everything in the board.  They've got hotels on Boardwalk all the way down to Mediterranean Ave.  If you are Players 2 - 4 almost anywhere you land is going to cost you some serious cash.  But all three players are out of money.  Player 1 now has all of the $20k that comes in the standard Monopoly game.  This isn't very fair... So the Bank decides to invent some extra money it gives $2,000 more dollars to every single one of these poor players.  Inflating the money supply by 30%  For a minute they're excited, the game keeps going.   Then player two lands in St James place.  Player 3 and Player 4 land on St. Charlies Place and Virginia Ave.   By the time they've went all the way around the board the rich player now has $26k.   Clearly we didn't give the poor people enough money!  This time the bank hands out $10,000 extra to each of the players, inflating the money supply by 115%  But nothing has changed.   Player one isn't selling his scarce assets.  They go around a few more times and now player number one has $56k dollars.   The longer this game continues the larger the gap gets between Player 1 and the other three.   It doesn't matter how much money the government (the bank) gives into the hands of the poor people.   It doesn't change the game.  It doesn't change the principles of economic scarcity.  This is the exact same game theory that plays out in our current Fiat financial system every time our government injects more money into the system.  It doesn't matter if they give it to the poor people, those with more assets will always win.  Fortunately #Bitcoin gives us all a way to escape this vicious cycle.",no
676,2024-08-23,20000,0.7,prediction,$20k,"Inflation disproportionately harms those who are the poorest in society.  If you've studied #Bitcoin you know this to be true.  Nothing illustrates this better than the game of Monopoly.   Imagine you're playing Monopoly with four people, Player 1 has taken complete control over everything in the board.  They've got hotels on Boardwalk all the way down to Mediterranean Ave.  If you are Players 2 - 4 almost anywhere you land is going to cost you some serious cash.  But all three players are out of money.  Player 1 now has all of the $20k that comes in the standard Monopoly game.  This isn't very fair... So the Bank decides to invent some extra money it gives $2,000 more dollars to every single one of these poor players.  Inflating the money supply by 30%  For a minute they're excited, the game keeps going.   Then player two lands in St James place.  Player 3 and Player 4 land on St. Charlies Place and Virginia Ave.   By the time they've went all the way around the board the rich player now has $26k.   Clearly we didn't give the poor people enough money!  This time the bank hands out $10,000 extra to each of the players, inflating the money supply by 115%  But nothing has changed.   Player one isn't selling his scarce assets.  They go around a few more times and now player number one has $56k dollars.   The longer this game continues the larger the gap gets between Player 1 and the other three.   It doesn't matter how much money the government (the bank) gives into the hands of the poor people.   It doesn't change the game.  It doesn't change the principles of economic scarcity.  This is the exact same game theory that plays out in our current Fiat financial system every time our government injects more money into the system.  It doesn't matter if they give it to the poor people, those with more assets will always win.  Fortunately #Bitcoin gives us all a way to escape this vicious cycle.",no
678,2024-08-23,56000,0.7,prediction,$56k,"Inflation disproportionately harms those who are the poorest in society.  If you've studied #Bitcoin you know this to be true.  Nothing illustrates this better than the game of Monopoly.   Imagine you're playing Monopoly with four people, Player 1 has taken complete control over everything in the board.  They've got hotels on Boardwalk all the way down to Mediterranean Ave.  If you are Players 2 - 4 almost anywhere you land is going to cost you some serious cash.  But all three players are out of money.  Player 1 now has all of the $20k that comes in the standard Monopoly game.  This isn't very fair... So the Bank decides to invent some extra money it gives $2,000 more dollars to every single one of these poor players.  Inflating the money supply by 30%  For a minute they're excited, the game keeps going.   Then player two lands in St James place.  Player 3 and Player 4 land on St. Charlies Place and Virginia Ave.   By the time they've went all the way around the board the rich player now has $26k.   Clearly we didn't give the poor people enough money!  This time the bank hands out $10,000 extra to each of the players, inflating the money supply by 115%  But nothing has changed.   Player one isn't selling his scarce assets.  They go around a few more times and now player number one has $56k dollars.   The longer this game continues the larger the gap gets between Player 1 and the other three.   It doesn't matter how much money the government (the bank) gives into the hands of the poor people.   It doesn't change the game.  It doesn't change the principles of economic scarcity.  This is the exact same game theory that plays out in our current Fiat financial system every time our government injects more money into the system.  It doesn't matter if they give it to the poor people, those with more assets will always win.  Fortunately #Bitcoin gives us all a way to escape this vicious cycle.",
679,2024-08-23,10000,0.7,prediction,"$10,000","Inflation disproportionately harms those who are the poorest in society.  If you've studied #Bitcoin you know this to be true.  Nothing illustrates this better than the game of Monopoly.   Imagine you're playing Monopoly with four people, Player 1 has taken complete control over everything in the board.  They've got hotels on Boardwalk all the way down to Mediterranean Ave.  If you are Players 2 - 4 almost anywhere you land is going to cost you some serious cash.  But all three players are out of money.  Player 1 now has all of the $20k that comes in the standard Monopoly game.  This isn't very fair... So the Bank decides to invent some extra money it gives $2,000 more dollars to every single one of these poor players.  Inflating the money supply by 30%  For a minute they're excited, the game keeps going.   Then player two lands in St James place.  Player 3 and Player 4 land on St. Charlies Place and Virginia Ave.   By the time they've went all the way around the board the rich player now has $26k.   Clearly we didn't give the poor people enough money!  This time the bank hands out $10,000 extra to each of the players, inflating the money supply by 115%  But nothing has changed.   Player one isn't selling his scarce assets.  They go around a few more times and now player number one has $56k dollars.   The longer this game continues the larger the gap gets between Player 1 and the other three.   It doesn't matter how much money the government (the bank) gives into the hands of the poor people.   It doesn't change the game.  It doesn't change the principles of economic scarcity.  This is the exact same game theory that plays out in our current Fiat financial system every time our government injects more money into the system.  It doesn't matter if they give it to the poor people, those with more assets will always win.  Fortunately #Bitcoin gives us all a way to escape this vicious cycle.",
700,2024-08-30,10000000,0.7,prediction,"$10,000,000","We all want $10,000,000 #Bitcoin.  But no one wants to see the culture of freedom loving cypherpunks and self-ownership autists fade away.  Bitcoin will remain unchanged, but the cultural will shift.  Be grateful for what you have, we are currently living the 'good old days'.",yes
701,2024-08-31,60000,0.6,conditional,$60k,"It's so quiet on here lately, and it blows my mind.   We've consolidated at $60k #Bitcoin for SIX MONTHS.  If you would have told me this in 2022 I would have been ecstatic.  The longer the chop, the bigger the pump. You should be freaking bullish right now.  Stack more sats 🧡",yes
710,2024-09-06,58000,0.6,conditional,below $58k,"@PeterSchiff Every time #Bitcoin slips slightly below $58k, Bitcoin mining stock investors dump their shares as if the market was about to collapse. But Bitcoin's ATH is slightly above $58k. That fact that it has held so close to that all-time high is extremely bullish, not bearish!",yes
737,2024-09-16,58000,0.6,unclassified,$58k,Some things never change:  $58k #Bitcoin and cheap $MSTR.  Great day to add to your stack 🌄,yes
751,2024-09-22,100000,0.7,prediction,$100k,"I've never been one for the name-calling argument strategy, but since it's currently employed at the highest levels of political discourse I figure I should give it a try:  If you don't think #Bitcoin is gonna hit $100k you're a super-gay nazi racist.",yes
757,2024-09-24,62000,0.6,conditional,$62k,Oh no! #Bitcoin crashed all the way down to $62k.  Be a shame if I was to buy more $MSTR on this dip. https://t.co/ODKo0K6EnR,
766,2024-09-30,65000,0.6,conditional,$65k,"@_Checkmatey_ Not sure if you've heard it not Check, but doomers say that Bitcoin under $65k is totally dead.   Just sold everything for long dated treasury bonds.",
771,2024-10-04,69000,0.6,unclassified,$69k,I don't care what your fancy price app says.  $69k #Bitcoin cometh.,yes
779,2024-10-07,69000,0.6,unclassified,$69k,My phone's face authentication keeps failing because of how large my smile is when I go to check the price.  $69k #Bitcoin cometh.,yes
781,2024-10-11,13000,0.6,conditional,$13k,"$MSTR is back up at all time highs while #Bitcoin is still $13k off of it's previous all time high.  If you aren't following the most interesting story in all of finance, I don't have time to try to convince you, sorry. https://t.co/kklNJMSkby",
787,2024-10-12,30000,0.6,conditional,$30k,@Matt_ecofin I'm far too intelligent to be an Ivy League Grad 🙃  You know they were doing the exact same strategy when #Bitcoin was $30k right?  If were were to crash down I'd anticipate their stock be valued at around $70 per share and I'd be buying boatloads of it.,
809,2024-10-24,100000,0.6,conditional,$100k,"If #Bitcoin goes where we think it's going to over the next year he's going to skyrocket up this list.   Here is his NW when #Bitcoin hits $100k:  17k of $BTC: $1.7B 14% of $MSTR: $9.39B  Total Net Worth: $11.1B  This moves him up nearly 200 spots, right past Peter Theil!",
810,2024-10-24,17000,0.5,conditional,17k,"If #Bitcoin goes where we think it's going to over the next year he's going to skyrocket up this list.   Here is his NW when #Bitcoin hits $100k:  17k of $BTC: $1.7B 14% of $MSTR: $9.39B  Total Net Worth: $11.1B  This moves him up nearly 200 spots, right past Peter Theil!",
815,2024-10-24,150000,0.6,unclassified,$150k,"But Michael, you said super bullish!  I know, I know, we are only getting started. IMO $100k is only the beginning.  Let's play with $150k #Bitcoin price and an mNAV of 4.  17k of $BTC: $2.55B 14% of $MSTR: $20.67B  Total NW: $23.2B  This moves him to spot 82 next to Jack Ma.",
812,2024-10-24,300000,0.6,prediction,$300k,"You're think $150k #Bitcoin is bullish? What is this, a bull market for ants?  Let's double it, this thing is going to $300k.  Everyone and their mother is gonna be talking about MicroStrategy, let's give it an mNAV of 5.  17k of $BTC: $5.1B 14% of $MSTR: $51.3B  Total NW: $56.4B  This brings him to spot 26, right behind the hardened criminal mastermind and Binance boi, CZ.",
816,2024-10-24,17000,0.5,unclassified,17k,"But Michael, you said super bullish!  I know, I know, we are only getting started. IMO $100k is only the beginning.  Let's play with $150k #Bitcoin price and an mNAV of 4.  17k of $BTC: $2.55B 14% of $MSTR: $20.67B  Total NW: $23.2B  This moves him to spot 82 next to Jack Ma.",
811,2024-10-24,150000,0.6,prediction,$150k,"You're think $150k #Bitcoin is bullish? What is this, a bull market for ants?  Let's double it, this thing is going to $300k.  Everyone and their mother is gonna be talking about MicroStrategy, let's give it an mNAV of 5.  17k of $BTC: $5.1B 14% of $MSTR: $51.3B  Total NW: $56.4B  This brings him to spot 26, right behind the hardened criminal mastermind and Binance boi, CZ.",
820,2024-10-24,1000000,0.5,prediction,half a million,"But $300k #Bitcoin is only 5x from here?   We've been chopping for over seven months now and this thing is a coiled spring.   Perhaps you think we are gonna cruise to half a million?  Let's play with $500k $BTC and a MicroStrategy mNAV of 7.5.  17k of $BTC: $8.5B 14% of $MSTR: $129B  Total Net Worth: $137.5B  This brings Michael Saylor to the seventh richest man in the world, right between Larry Page and Warren Buffet.",
817,2024-10-24,300000,0.6,prediction,$300k,"But $300k #Bitcoin is only 5x from here?   We've been chopping for over seven months now and this thing is a coiled spring.   Perhaps you think we are gonna cruise to half a million?  Let's play with $500k $BTC and a MicroStrategy mNAV of 7.5.  17k of $BTC: $8.5B 14% of $MSTR: $129B  Total Net Worth: $137.5B  This brings Michael Saylor to the seventh richest man in the world, right between Larry Page and Warren Buffet.",
821,2024-10-24,750000,0.6,prediction,$750k,"BE MORE BULLISH MICHAEL!!!  We're flipping gold this cycle.  I hear you. I hear you.   The time for the yellow rock is nearing a close, the rise of the orange coin will come before the end of 2025.  Here is what Michael Saylor's net worth looks like with a $750k #Bitcoin price and an mNAV of 10.  17k of $BTC: $13B 14% of $MSTR: $258B  Total Net Worth: $271B  This moves Michael Saylor firmly up into the top spot, overtaking Elon Musk's measly $263B.",
822,2024-10-24,17000,0.5,prediction,17k,"BE MORE BULLISH MICHAEL!!!  We're flipping gold this cycle.  I hear you. I hear you.   The time for the yellow rock is nearing a close, the rise of the orange coin will come before the end of 2025.  Here is what Michael Saylor's net worth looks like with a $750k #Bitcoin price and an mNAV of 10.  17k of $BTC: $13B 14% of $MSTR: $258B  Total Net Worth: $271B  This moves Michael Saylor firmly up into the top spot, overtaking Elon Musk's measly $263B.",
847,2024-11-24,100000,0.5,prediction,100k,"@HodlMagoo What am I missing here?  If there is so much liquidity that $MSTR buying 100k #Bitcoin over the weekend can't quite break through the massive wall of sellers, it would follow that they also likely will not have enough liquidity to mute the bear market like some people are claiming out there.  I don't buy the whole ""MicroStrategy"" can prevent the bear market thing that is getting thrown around.  They are not the entire market and we don't want them to be.",
849,2024-11-24,100000,0.5,prediction,100k,"@HodlMagoo The thing that I didn't explain particularly well in the post is that I think there is a 50% probability that Saylor just bought 100k BTC since last Monday and will be announcing it shortly.  IF that is the case, I would have expected the price to move more, but there is an insane amount of sellers right now it appears.  MicroStrategy is not the entire market and I think some people have lost sight of that.",
852,2024-11-25,100000,0.6,historical,$100K,"@StackAndChill He absolutely does move the price.   But like all big buyers, he just tries to do it as intelligently as possible.   He's likely been the reason we've been floating so close to $100K without large dip down yet. A big perpetual buyer. But I agree that this sentiment around these things is the primary driver of a lot of price changes.   The Germany selling thing was a good example.   An objectively small amount of Bitcoin that they did over an extended period of time.   But the market freaked out about it and was the primary reason for the dip.",
853,2024-11-27,140000,0.6,prediction,around $140k,"Let's say you want to sell a call on $IBIT about one month out.  You think #Bitcoin will go up by less than 50%, and even if it does, you'd be alright with selling your 100 shares at around $140k #Bitcoin price.  If you sell $IBIT options at $80 this is how much you would make. https://t.co/cPCrLeAYEX",
870,2024-12-07,100000,0.6,unclassified,$100k,"I spent a bunch of time around normies this week right as we ploughed past $100k.  They brought up cyber scams and they brought up the $MSTR ""ponzi scheme"".  But not one of them asked the real question: ""Why won't #Bitcoin just die?""",
889,2024-12-15,100000,0.7,conditional,$100k,"We've already broken through $100k #Bitcoin seven different times.  I can't decide if it feels like more or less than that.  The only thing I do know is that there ain't no going back. A new age is upon us.   An age where we all get really, really, ridiculously, rich 🥂",
893,2024-12-16,106000,0.6,prediction,$106k,"I'm on a banger of a weekend:  $MSTR got added to $QQQ, I'm gonna win in both my fantasy football leagues, I wrote the best chapter of my book yet, #Bitcoin broke $106k, I baked cookies with nieces, my son just said his first words, and my podcast with @bramk airs tomorrow 🧡🥂 https://t.co/xNhb6DDUE2",
894,2024-12-17,300000,0.5,unclassified,$300k,"@matteopelleg I disagree with you, but I could get like 4:1 odds on that of in wanted to.   50% of $300k seems a reasonably target IMO.   I'd still take the over though.",
898,2024-12-19,5000000,0.6,prediction,5 million,I finally hit 5 million impressions and was approved for revenue sharing on my account.   You can be sure that every single cent earned will go towards stacking sats.   I can't believe this stupid post was what finally brought me over the threshold 😂 https://t.co/xtvCglPpWk,
900,2024-12-21,500000,0.5,prediction,500k,"@hodloff @The_Old_Taylor @NearTheEdge1 @BritishHodl @saylor I'm personally expecting movement similar to what we have over the summer.  Bitcoin relatively flat until late January with any strategic reserve announcements, but $MSTR pumping while they acquire more converts and pass a 500k Bitcoin stack by the EOY.",
901,2024-12-22,1000000,0.5,prediction,million,"Question:   I've heard that Bitcoin is very slow. How could it ever possibly become globally used for money?   Answer:  This is a very popular critique often given by someone with a slight misunderstanding of the underlying problem Bitcoin is trying to solve.  Think about the US dollar for a minute (by a gigantic margin, the thing most people measure value in and transact with).  What is its main use case?  0.01% of all US dollars are actively being traded from one person to another in a financial transaction.  99.9% of all US dollars are simply being held.  Some of this as numbers on a bank website. Some of this as paper dollars buried in the backyard.  The vast majority of our time using dollars is not transacting, but to retain value between spending periods.  This is the thing that Bitcoin is optimizing for.  Value retention.  Instead of quick transaction speeds, or low volatility, Bitcoin optimizes for having the properties of perfect scarcity.  There will never be more than 21 million total Bitcoin.  So while the US might print more dollars in attempt to reduce the dollars ""volatility"" Bitcoin embraces this volatility and simply remains unchanged in the face of whatever else is happening on the planet.  Bitcoin tries to be the most stable measuring stick in this wildly unstable world.  A store of value that can never be debased.",
903,2024-12-28,100000,0.6,current,around $100k,Some days I forget that Ethereum still hasn't put in a new all-time high since 2021.  All the while... Bitcoin is floating around $100k without even trying.   Imagine the sheer number of lies the ETH investors are telling themselves right now 😂 https://t.co/5DovVLQLVz,
923,2025-01-04,1000000,0.7,historical,"$1,000,000","@SamBTC5150 @davidbroom1983 Depends and like 20 different variables like how much income you want to make then, and your other personal life situation.   But I am anticipating 0.1 BTC being worth more than $1,000,000, even adjusted for inflation, in 2040.",
928,2025-01-06,100000,0.6,historical,over $100k,"You know that somewhere out there, some fresh new lettuce handed Bitcoin speculator is excited that it's over $100k again.  He just sold everything.  A year of pain is incoming for those that still don't understand Bitcoin in 2025.",
943,2025-01-10,51000,0.6,unclassified,$51k,"Important qualifiers for the ""actually"" guys:  1) Yes, you are selling your upside to do this.  2) Yes, it requires giving up custody which is a massive concern.  3) Yes, they can get called away, in this case you turn $33k into $51k in a month.  4) Yes, $MSTR isn't Bitcoin. https://t.co/hzB0YXRNZQ",
944,2025-01-10,110000,0.6,prediction,$110k,"@BTCBreadMan I do the same kind of thing with ""temp checks"".  I have some get-togethers with friends a few times a year, I make a point to ask at least one of them what they think the Bitcoin price will be soon.  My favorite from two weeks ago: I don't think Bitcoin will top $110k in 2025 😂",
949,2025-01-11,94000,0.6,unclassified,$94k,"It hurts to write this, but here goes.   I sold all my Bitcoin at $94k, I'm planning to buy back lower at $200k ✌️",
950,2025-01-11,200000,0.6,unclassified,$200k,"It hurts to write this, but here goes.   I sold all my Bitcoin at $94k, I'm planning to buy back lower at $200k ✌️",
952,2025-01-14,15000,0.6,conditional,$15k,@CedYoungelman $15k (or the price of Bitcoin at the lows in 2022)  If that happened in a single day I'd be absolutely psyched. I think it's basically a certainty over the next year at some point.,
956,2025-01-18,150000,0.7,conditional,150k,"@hillery_dan @matt_utxo Do you have price targets too, or specifically just time targets?   I think the rate at which we hit some of these numbers could dramatically change any kind of timing aspect.  Like if we pop to 150k next week, it's a very different situation to chopping until June.",
998,2025-01-26,150000,0.6,prediction,$150k,Michael Saylor tweets and Bitcoin dumps.  Happy Sunday! 🎉  Don't stress. Don't get shaken out.   $BTC is gonna cruise past $150k and $MSTR will touch $700 before April. Bookmark it. https://t.co/kfKyv5Oa1Q,
999,2025-01-27,150000,0.6,unclassified,$150k,"@matt_utxo Lol. This definitely wasn't intentional 😂  I'm not exactly sure how you came to that, but my left curve basic math version is that we basically just outperform Bitcoin by double (on a percentage basis) and that this next pump takes us to around the $150k mark before we meet a bunch more resistance.   At which point, a bunch of the crypto people think this whole thing is over, and then we rip much much higher towards the later half of the year.  I think a lot of it could even be fueled by Microstrategy's large amount of convertible bond offerings that are likely going to happen in the next couple months.",
1002,2025-01-28,10000,0.5,historical,10k,Sure Michael Saylor's 10k Bitcoin buy was cool.... but this is the setup you've been dreaming of.  Cramer effect engaged.   $MSTR going straight to $500 tomorrow. https://t.co/EHfmu6KeAs,
1006,2025-01-29,108000,0.6,unclassified,$108k,"Meanwhile, some XRP degen is telling me that $108k Bitcoin is the top 🤣",
1007,2025-02-01,10000,0.6,current,"$10,000","@pastorcoin I think a lot of the speculative use of Bitcoin has moved to things like $MSTR and Bitcoin mining stocks.  This means that all the options trading on there are now taking a lot more of the overall volume.   What once would have been $10,000 on cain transactions, is now a single Microstrategy buy of 10,000 Bitcoin.",
1008,2025-02-01,30000,0.5,conditional,30k,"In 2017 if 100's of thousands of Bitcoin speculators made onchain transactions as they traded their BTC for alts.  Today, speculation is happening with options on $MSTR and $IBIT.  Instead of 30k individual onchain transactions, there's one big Michael Saylor or BlackRock buy. https://t.co/7PhUu2G5Uh",
1012,2025-02-08,250000,0.5,conditional,250k,@brunbitty I think there's something like 50k of us worldwide... Maybe 100K that are equally passionate about Bitcoin but don't speak English very well or use Twitter..... Even if you go up to 250k.... That's only 0.003% of all people in the world or something like that.,no
1010,2025-02-08,50000,0.5,conditional,50k,@brunbitty I think there's something like 50k of us worldwide... Maybe 100K that are equally passionate about Bitcoin but don't speak English very well or use Twitter..... Even if you go up to 250k.... That's only 0.003% of all people in the world or something like that.,no
1011,2025-02-08,100000,0.5,conditional,100K,@brunbitty I think there's something like 50k of us worldwide... Maybe 100K that are equally passionate about Bitcoin but don't speak English very well or use Twitter..... Even if you go up to 250k.... That's only 0.003% of all people in the world or something like that.,no
1022,2025-02-17,1000000,0.5,prediction,million,"@Bearjiu305 The store of value is two orders of magnitude more important than all the other things like transaction throughput.  XRP isn't competing with Bitcoin. It's trying to compete with credit card companies.  Instead of optimizing for transaction throughput, Bitcoin optimizes for security, decentralization, and being the perfected savings technology.   That's the only reason I'm interested in it.  We live in a world where governments are debasing our currencies constantly, Bitcoin is the first perfectly scarce asset in human history.   There will only ever be 21 million for the rest of human time.",no
1023,2025-02-19,200000,0.6,current,$200k,F*ck the haters. F*ck the bears.  Bitcoin should be $200k and $MSTR should be $1000 right now and I can't be convinced otherwise.   Buying more. Dry powder gone. https://t.co/aP4zv7GFbB,yes
1025,2025-02-21,97000,0.6,historical,$97k,"This hurts to type, but here goes... I have something I've been deeply ashamed of, but it's time to come clean.  I've been suppressing the Bitcoin price. It was me.  For the last 3 months I've been buying/selling the same $100 of Bitcoin at exactly $97k.  Please forgive me.",yes
1028,2025-02-22,200000,0.6,prediction,$200k,Let's finish with an even crazier one.  Maybe you think Bitcoin could hit $200k? Maybe you think $MSTR will go over $1000?  Take a minute. Try making a probabilistic bet yourself. What % odds do you think $MSTR is over $1000 on December 19th?  10%... 30%.... 50%.... ? https://t.co/MesDzV6WtG,
1029,2025-02-22,200000,0.5,prediction,$200k,"I'd love to hear what probabilities you assign to different outcomes.  What % odds each of you would give to Bitcoin hitting $200k in 2025?  What % odds do you think $108k was the top?  What % odds of $MSTR hitting $1000?  Give me those sweet, sweet probabilistic prediction 👀 https://t.co/yLD5yVwnTS",yes
1030,2025-02-22,108000,0.5,prediction,$108k,"I'd love to hear what probabilities you assign to different outcomes.  What % odds each of you would give to Bitcoin hitting $200k in 2025?  What % odds do you think $108k was the top?  What % odds of $MSTR hitting $1000?  Give me those sweet, sweet probabilistic prediction 👀 https://t.co/yLD5yVwnTS",yes
1031,2025-02-23,500000,0.5,unclassified,500k,ARE YOU NOT ENTERTAINED?!   $MSTR about to hit 500k Bitcoin and somehow people are bearish.,no
1039,2025-02-28,80000,0.6,historical,$80k,Just had a glorious writing session.  Something about the psychology of writing about Bitcoin is just more fun when the price is tanking.  Some of my best chapters were written below $20k.... but this one I just wrapped while we were under $80k is good too.,yes
1045,2025-03-02,75000,0.6,historical,$75k,"@Z06Z07 Love it! This one came out of absolutely nowhere, as soon as I saw a notification that the Bitcoin price was moving. I was anticipating seeing something like $75k.  I genuinely thought we were dipping lower this weekend too.",yes
1050,2025-03-05,96000,0.6,prediction,around $96k,"For the options nerds: I'm curious if the $MSTR share price will move with more ""gamma"" so to speak when the Bitcoin price is around $96k.  Being above or below this number couple make quite a large difference to their medium-term outlook.",
1051,2025-03-06,97000,0.6,conditional,$97k,"@KHCBXV1 Yeah, I get this is a weird analogy.  I mean that $MSTR sometimes trades at 1x BTC and sometimes up to 3x BTC.   I'm curious if when the price of Bitcoin is around this $97k mark, that we see price move really aggressively since that $97k number matters a lot.  Sort of looking like high gamma when it comes to an option.  Do you get what I mean? It's sort of a weird analogy.",
1053,2025-03-07,10000,0.6,historical,$10k,@ThisIsBasedNate For sure man.  I'm constantly regretful of that full Bitcoin I owned back in 2015 and promptly sold without understanding it.  I'm just grateful I was willing to do a bit of study and reevaluate things and slowly inch my way back (albiet for a 100x price tag 😂)  I personally still know people on the sidelines still thinking they want to buy for like $10k.,
1060,2025-03-10,200000,0.6,historical,$200k,"David Sacks reveals that entire ""Strategic Bitcoin Reserve"" was already sold....   BTC straight to $200k.",yes
1071,2025-03-13,165000,0.6,unclassified,$165k,Anyone else in the $MSTR trade want an invite?   I've got a victory lap scheduled for June 2nd right after Bitcoin breaks through $165k. https://t.co/3MHigH8DWH,yes
1078,2025-03-15,444000,0.6,unclassified,$444k,$84k Bitcoin.   7PM.   Simply incredible.  $444k Bitcoin cometh. https://t.co/ZWs6kGxmp1,yes
1077,2025-03-15,84000,0.6,unclassified,$84k,$84k Bitcoin.   7PM.   Simply incredible.  $444k Bitcoin cometh. https://t.co/ZWs6kGxmp1,yes
1079,2025-03-15,84000,0.7,unclassified,$84k,Current vibes on Bitcoin Twitter after the $84k premonition👇  DO YOU BELIEVE IN MIRACLES?!? https://t.co/7C5p1nLdky,yes
1084,2025-03-16,84000,0.6,historical,below $84k,"Oh, you thought Bitcoin was going to stay below $84k?   That's cute.  Ain't going to happen.  $444k cometh. https://t.co/FD7fqTe8kQ",yes
1085,2025-03-16,444000,0.6,historical,$444k,"Oh, you thought Bitcoin was going to stay below $84k?   That's cute.  Ain't going to happen.  $444k cometh. https://t.co/FD7fqTe8kQ",yes
1087,2025-03-17,444000,0.7,prediction,$444k,"@CapitalSatoshi I believe a couple conflicting things here.  I totally agree with you on the whole collective believing in a price target making it less likely to happen, and that $444k that is very unlikely.  But I also believe there's something more going on here than just luck.  The precision and confidence is out of this world. It's not like somebody making a bunch of random guesses.",yes
1093,2025-03-21,440000,0.6,current,$440k,Can you even imagine being bearish Bitcoin right now?  Trump's son is literally on the board of a Bitcoin equity company mirroring Saylor's strategy now.  USA Bitcoin bonds in play.   $440k on the table.,
1097,2025-03-21,1000000,0.5,prediction,a million,"@Crypto_BoughT @utxoshit I personally would not do it.   But, you could imagine somebody closer to retirement wants to get into something less volatile. They'd sell some Bitcoin, get about a million dollars, and have a guaranteed $100k per year.  There are tons of people out there that will jump on this offer.   But they aren't trying to attract Bitcoiners, they're trying to attract people interested in high yearly ROI.",
1096,2025-03-21,100000,0.6,prediction,$100k,"@Crypto_BoughT @utxoshit I personally would not do it.   But, you could imagine somebody closer to retirement wants to get into something less volatile. They'd sell some Bitcoin, get about a million dollars, and have a guaranteed $100k per year.  There are tons of people out there that will jump on this offer.   But they aren't trying to attract Bitcoiners, they're trying to attract people interested in high yearly ROI.",
1109,2025-03-29,10000,0.5,historical,$10k,"@Adelgary @IanCarrollShow The former could be totally true.  The reason I like my theory is because it would be like 100 times easier to implement.  More recently, I'm almost positive the same kind of tactics were used against Trump's podcast on JRE. I'm convinced that a botfarm targeted this one since it was so powerful for campaign season.  Even spending $10k on bots can be enough to bring down even the biggest videos and accounts temporarily.  And temporarily might be all that is required for a really big thing like that.",
1110,2025-03-29,150000,0.6,unclassified,$150k,F*ck the bears.  We're going to see $150k Bitcoin by the Fourth of July.  $700 $MSTR &amp; $80 $GME.  Bookmark it. https://t.co/ZzvwmVALZ8,yes
1127,2025-04-02,150000,0.6,current,$150k,Bitcoin vs $MSTR vs Global M2.  I can't imagine being short right now.  🇺🇸🎇 $150k by Independence Day 🎇🇺🇸 https://t.co/updVWx9ySw,yes
1150,2025-04-13,19000,0.5,current,19k,"Fact 1: The $MSTR strategy turns volatility into vitality.  Fact 2: Before Bitcoin they traded with an IV of ~40%, today it's ~90%.  Fact 3: GameStop likely just purchased 19k BTC.  Fact 4: $GME didn't just have high IV back in 2021.... it hit 400% this year because of a tweet. https://t.co/TGsxlLk0BV",
1185,2025-04-30,100000,0.6,unclassified,$100k,There appears to be a big perpetual buyer down here every time that Bitcoin drops a bit.  All dips are for buying.  $100k cometh. https://t.co/fIsZZDn1Gn,
1193,2025-05-12,20000,0.7,conditional,around $20k,"@lowstrife Agreed on not being able to mark-to-market on the current price, that's totally fair.  That's kind of at the core of why I mentioned a multi-year bear market would be required to actually make this thing problematic.  If this thing actually does become under collateralized, that's a humongous problem and the only scenario where I do think it could actually go to $0.  As of today, I think that means Bitcoin would have to drop down to around $20k and trade down there for like 4 years.",
1197,2025-05-14,75000,0.7,current,$75k,"Some people HODL'd down into the $75k range. Some bought more. Some overextended themselves and are now ""taking profits"".  They're so used to pain they're expecting more.... but the pain they're about to experience is FOMO.  One last flush of the weak hands before teleportation. https://t.co/HCn1VDRvM0",yes
1218,2025-06-03,150000,0.6,unclassified,$150k,The fact that Saylor is laying off the $MSTR ATM and Bitcoin is STILL just gravitating upward is insanely bullish.  $150k by Independence Day? https://t.co/mxs5CcVxMz,
1221,2025-06-07,100000,0.5,unclassified,100k,"@theBTCMiningGuy @BTCBreadMan I think mining is an absolutely fascinating industry... while at the same time I'm not as interested in owning public mining companies.  Put as simply as possible, MTPLF has a significantly higher likelihood of hitting 100k BTC before CLSK does.  (Love the CLSK team though)",
1223,2025-06-09,20000,0.6,unclassified,$20k,This consistent upward Bitcoin trend is so boring......   Can we just get a quick $20k candle before crashing down to $110k?  I want to actually feel something again. https://t.co/U8ynGeBaiW,no
1224,2025-06-09,110000,0.6,unclassified,$110k,This consistent upward Bitcoin trend is so boring......   Can we just get a quick $20k candle before crashing down to $110k?  I want to actually feel something again. https://t.co/U8ynGeBaiW,yes
1234,2025-06-14,185000,0.5,unclassified,$185k,"@FinFreedom414 $185k IMO with an mNAV ~2.75 is the most likely scenario that it gets there.... but could be up to $220k.  I've been thinking about this quite a bit lately as some of the credit spreads that I have are specifically targeting the $1,000 range.",yes
1236,2025-06-14,150000,0.5,historical,150k,"@Danainhawaii @FinFreedom414 There are a lot of people who want to be hyper bulls and throw out numbers closer to the 150k range, but I just don't think this is as likely anymore.  I think it's extremely the likely they outperform Bitcoin by like 1.5x.... but I think their place in the market has shifted slightly.   They're not trying to be the fastest horse, they are essentially becoming the ""Blue Chip"" Bitcoin company.   Those preferred shares are basically optimized to help them survive a prolonged bear market.  I'm insanely bullish, my position is unchanged, but I think we may need to temper expectations slightly compared to when they were the only game in town.",yes
1266,2025-07-08,58000,0.7,prediction,$58k to $70k,"@Oliverderci1 That's a very well articulated question!  Most of my price predictions are for the sake of having a little bit of fun, but if I had to give a serious one I think the absolute bottom if there were to be some extremely serious ""black swan"" kind of event would be the range we chopped around at all of last summer.  $58k to $70k.  IMO no matter what happens we never go below that again.  I very publicly (and incorrectly) thought we would never dip below $100k again before we did in June. FWIW I still think that's the case and that we are on the precipice of a pretty sizable more higher.  All the other questions are really dependent on how the rest of the bull market plays out.  For example, if we see something wild like $1MM Bitcoin I would expect something like an 80% drop down to like $200k.... but if we have this very choppy and orderly bull market with much less euphoria I would think that anything more than a 50% drop is unlikely and we have a super drawn out cycle.  I don't have anything more concrete than that though.  I think $140k is like 90% likely by the end of the year.  I think $200k is like 55% likely within the next year.   Note of caution though that I'm truly not some market expert, I'm just on here learning in public and am very frequently wrong.",
1268,2025-07-08,100000,0.7,prediction,below $100k,"@Oliverderci1 That's a very well articulated question!  Most of my price predictions are for the sake of having a little bit of fun, but if I had to give a serious one I think the absolute bottom if there were to be some extremely serious ""black swan"" kind of event would be the range we chopped around at all of last summer.  $58k to $70k.  IMO no matter what happens we never go below that again.  I very publicly (and incorrectly) thought we would never dip below $100k again before we did in June. FWIW I still think that's the case and that we are on the precipice of a pretty sizable more higher.  All the other questions are really dependent on how the rest of the bull market plays out.  For example, if we see something wild like $1MM Bitcoin I would expect something like an 80% drop down to like $200k.... but if we have this very choppy and orderly bull market with much less euphoria I would think that anything more than a 50% drop is unlikely and we have a super drawn out cycle.  I don't have anything more concrete than that though.  I think $140k is like 90% likely by the end of the year.  I think $200k is like 55% likely within the next year.   Note of caution though that I'm truly not some market expert, I'm just on here learning in public and am very frequently wrong.",
1270,2025-07-08,140000,0.7,prediction,$140k,"@Oliverderci1 That's a very well articulated question!  Most of my price predictions are for the sake of having a little bit of fun, but if I had to give a serious one I think the absolute bottom if there were to be some extremely serious ""black swan"" kind of event would be the range we chopped around at all of last summer.  $58k to $70k.  IMO no matter what happens we never go below that again.  I very publicly (and incorrectly) thought we would never dip below $100k again before we did in June. FWIW I still think that's the case and that we are on the precipice of a pretty sizable more higher.  All the other questions are really dependent on how the rest of the bull market plays out.  For example, if we see something wild like $1MM Bitcoin I would expect something like an 80% drop down to like $200k.... but if we have this very choppy and orderly bull market with much less euphoria I would think that anything more than a 50% drop is unlikely and we have a super drawn out cycle.  I don't have anything more concrete than that though.  I think $140k is like 90% likely by the end of the year.  I think $200k is like 55% likely within the next year.   Note of caution though that I'm truly not some market expert, I'm just on here learning in public and am very frequently wrong.",yes
1267,2025-07-08,70000,0.7,prediction,$58k to $70k,"@Oliverderci1 That's a very well articulated question!  Most of my price predictions are for the sake of having a little bit of fun, but if I had to give a serious one I think the absolute bottom if there were to be some extremely serious ""black swan"" kind of event would be the range we chopped around at all of last summer.  $58k to $70k.  IMO no matter what happens we never go below that again.  I very publicly (and incorrectly) thought we would never dip below $100k again before we did in June. FWIW I still think that's the case and that we are on the precipice of a pretty sizable more higher.  All the other questions are really dependent on how the rest of the bull market plays out.  For example, if we see something wild like $1MM Bitcoin I would expect something like an 80% drop down to like $200k.... but if we have this very choppy and orderly bull market with much less euphoria I would think that anything more than a 50% drop is unlikely and we have a super drawn out cycle.  I don't have anything more concrete than that though.  I think $140k is like 90% likely by the end of the year.  I think $200k is like 55% likely within the next year.   Note of caution though that I'm truly not some market expert, I'm just on here learning in public and am very frequently wrong.",yes
1275,2025-07-09,10000,0.6,unclassified,$10k,"@Adelgary I'm assuming both have increases in price, but just Bitcoin is doing substantially more during that time frame in addition to having higher inflows as the price goes up and creates more interest.  It's a rough guess though, I could easily be off by $10k or something.",
1280,2025-07-10,102000,0.6,historical,$100k to $102k,"@Adelgary @alistairmilne Nah, it's absolutely worth being pumped.  Getting excited about a 2% move from $100k to $102k is retarded.  A 2% move that finally breaks through massive resistance and into an ATH is huge and worth celebrating.",
1306,2025-07-26,80000,0.5,unclassified,80k,I still can't get over the fact that a whale just sold 80k bitcoin and the market is completely flat over the last week.  We are going so much higher. https://t.co/i7waOu3HBU,
1322,2025-08-11,50000,0.6,unclassified,$50k,@DavidBranscum I know of some people who got got by doing this.... Sold quite a bit of Bitcoin at like $50k for gold 🤭,
1331,2025-08-29,180000,0.6,prediction,$180k,$130k Bitcoin is gonna be super boring.  $140k may not even make the blood pump.  I think I'll need at least $180k to start feeling something.,yes
1329,2025-08-29,130000,0.6,prediction,$130k,$130k Bitcoin is gonna be super boring.  $140k may not even make the blood pump.  I think I'll need at least $180k to start feeling something.,yes
1330,2025-08-29,140000,0.6,prediction,$140k,$130k Bitcoin is gonna be super boring.  $140k may not even make the blood pump.  I think I'll need at least $180k to start feeling something.,yes
1358,2025-10-02,1000000,0.5,unclassified,million,"@lindsaystamp3 It honestly just math, 21 million bitcoin... And my book is making people super bullish.  Something has to give.  Short squeeze incoming!",no
1363,2025-10-06,125000,0.6,unclassified,$125k,Should I be feeling something here at $125k Bitcoin?  Because I don't.  Not even really a bull market yet. https://t.co/7x9JeDyWTH,yes
1364,2025-10-06,126000,0.6,unclassified,$126k,$126k Bitcoin is cool and all... but have you tried spending three years of your life writing a book and then people ABSOLUTELY LOVING IT.  Pure euphoria.  Pump it 🚀 https://t.co/eY4Arxfwkl,yes
1369,2025-10-12,444000,0.7,current,$444k,"My 21 Bold Predictions for Q4 2025:  1) Bitcoin isn't dead, proceeds to rip to new ATHs.  2) The idiot crypto traders that just got washed out try to short the orange coin.  3) They are liquidated... again... bitcoin rips higher still.  4) Now they think the top is in (even though their XRP is still down) and plan to buy the upcoming Bitcoin dip. They park all their cash into $STRC to get some yield.  5) Saylor uses this liquidity to pump more money into Bitcoin while its already in price discovery.  6) Bitcoin doesn't dip. It absolutely rips to $184k.  7) BTC treasury companies all melt faces... except for the one that you own, that one is still down and you should feel dumb.  8) People think $444k might actually happen.  9) Xi announces more tariffs on the USA.  10) Trump announces 1000% tariffs on China.  11) $444k doesn't happen.  12) Bitcoin crashes to $139k.  13) US government officials announce that it was actually the Chinese version of April fools day and the tariff announcement wasn't real.  14) Trump sends apology tweet from the toilet.  15) Bitcoin rips to over $200k.  16) You're f*cking rich now and it changed your life. You decide to finally read that Blood of the Bourgeoisie book your favorite bitcoiner keeps talking about.  17) It's so good you buy a copy for your wife. It turns her into a full-on maxi and starts demanding to listen to Saylor podcasts whenever you are in the car together.  18) Interest rates keep plummeting. $MSTR and $MTPLF preferreds start absolutely printing Bitcoin.  19) Federal government announces a ""totally not QE bro"" program... bitcoin tanks on this news for some reason and it confuses literally everybody.  20) BTC treasury companies dump like 60% again and it turns a bunch of the class of 2025 bitcoin stock traders into toxic maxis.  21) Core vs Knots are still debating the same exact arguments and continuing to make no headway with one another.  Or....  none of this happens and I'll look like an idiot.     You know I'll be here stacking sats either way 🧡",yes
1368,2025-10-12,184000,0.7,current,$184k,"My 21 Bold Predictions for Q4 2025:  1) Bitcoin isn't dead, proceeds to rip to new ATHs.  2) The idiot crypto traders that just got washed out try to short the orange coin.  3) They are liquidated... again... bitcoin rips higher still.  4) Now they think the top is in (even though their XRP is still down) and plan to buy the upcoming Bitcoin dip. They park all their cash into $STRC to get some yield.  5) Saylor uses this liquidity to pump more money into Bitcoin while its already in price discovery.  6) Bitcoin doesn't dip. It absolutely rips to $184k.  7) BTC treasury companies all melt faces... except for the one that you own, that one is still down and you should feel dumb.  8) People think $444k might actually happen.  9) Xi announces more tariffs on the USA.  10) Trump announces 1000% tariffs on China.  11) $444k doesn't happen.  12) Bitcoin crashes to $139k.  13) US government officials announce that it was actually the Chinese version of April fools day and the tariff announcement wasn't real.  14) Trump sends apology tweet from the toilet.  15) Bitcoin rips to over $200k.  16) You're f*cking rich now and it changed your life. You decide to finally read that Blood of the Bourgeoisie book your favorite bitcoiner keeps talking about.  17) It's so good you buy a copy for your wife. It turns her into a full-on maxi and starts demanding to listen to Saylor podcasts whenever you are in the car together.  18) Interest rates keep plummeting. $MSTR and $MTPLF preferreds start absolutely printing Bitcoin.  19) Federal government announces a ""totally not QE bro"" program... bitcoin tanks on this news for some reason and it confuses literally everybody.  20) BTC treasury companies dump like 60% again and it turns a bunch of the class of 2025 bitcoin stock traders into toxic maxis.  21) Core vs Knots are still debating the same exact arguments and continuing to make no headway with one another.  Or....  none of this happens and I'll look like an idiot.     You know I'll be here stacking sats either way 🧡",yes
1370,2025-10-12,139000,0.7,current,$139k,"My 21 Bold Predictions for Q4 2025:  1) Bitcoin isn't dead, proceeds to rip to new ATHs.  2) The idiot crypto traders that just got washed out try to short the orange coin.  3) They are liquidated... again... bitcoin rips higher still.  4) Now they think the top is in (even though their XRP is still down) and plan to buy the upcoming Bitcoin dip. They park all their cash into $STRC to get some yield.  5) Saylor uses this liquidity to pump more money into Bitcoin while its already in price discovery.  6) Bitcoin doesn't dip. It absolutely rips to $184k.  7) BTC treasury companies all melt faces... except for the one that you own, that one is still down and you should feel dumb.  8) People think $444k might actually happen.  9) Xi announces more tariffs on the USA.  10) Trump announces 1000% tariffs on China.  11) $444k doesn't happen.  12) Bitcoin crashes to $139k.  13) US government officials announce that it was actually the Chinese version of April fools day and the tariff announcement wasn't real.  14) Trump sends apology tweet from the toilet.  15) Bitcoin rips to over $200k.  16) You're f*cking rich now and it changed your life. You decide to finally read that Blood of the Bourgeoisie book your favorite bitcoiner keeps talking about.  17) It's so good you buy a copy for your wife. It turns her into a full-on maxi and starts demanding to listen to Saylor podcasts whenever you are in the car together.  18) Interest rates keep plummeting. $MSTR and $MTPLF preferreds start absolutely printing Bitcoin.  19) Federal government announces a ""totally not QE bro"" program... bitcoin tanks on this news for some reason and it confuses literally everybody.  20) BTC treasury companies dump like 60% again and it turns a bunch of the class of 2025 bitcoin stock traders into toxic maxis.  21) Core vs Knots are still debating the same exact arguments and continuing to make no headway with one another.  Or....  none of this happens and I'll look like an idiot.     You know I'll be here stacking sats either way 🧡",yes
1371,2025-10-12,200000,0.7,current,over $200k,"My 21 Bold Predictions for Q4 2025:  1) Bitcoin isn't dead, proceeds to rip to new ATHs.  2) The idiot crypto traders that just got washed out try to short the orange coin.  3) They are liquidated... again... bitcoin rips higher still.  4) Now they think the top is in (even though their XRP is still down) and plan to buy the upcoming Bitcoin dip. They park all their cash into $STRC to get some yield.  5) Saylor uses this liquidity to pump more money into Bitcoin while its already in price discovery.  6) Bitcoin doesn't dip. It absolutely rips to $184k.  7) BTC treasury companies all melt faces... except for the one that you own, that one is still down and you should feel dumb.  8) People think $444k might actually happen.  9) Xi announces more tariffs on the USA.  10) Trump announces 1000% tariffs on China.  11) $444k doesn't happen.  12) Bitcoin crashes to $139k.  13) US government officials announce that it was actually the Chinese version of April fools day and the tariff announcement wasn't real.  14) Trump sends apology tweet from the toilet.  15) Bitcoin rips to over $200k.  16) You're f*cking rich now and it changed your life. You decide to finally read that Blood of the Bourgeoisie book your favorite bitcoiner keeps talking about.  17) It's so good you buy a copy for your wife. It turns her into a full-on maxi and starts demanding to listen to Saylor podcasts whenever you are in the car together.  18) Interest rates keep plummeting. $MSTR and $MTPLF preferreds start absolutely printing Bitcoin.  19) Federal government announces a ""totally not QE bro"" program... bitcoin tanks on this news for some reason and it confuses literally everybody.  20) BTC treasury companies dump like 60% again and it turns a bunch of the class of 2025 bitcoin stock traders into toxic maxis.  21) Core vs Knots are still debating the same exact arguments and continuing to make no headway with one another.  Or....  none of this happens and I'll look like an idiot.     You know I'll be here stacking sats either way 🧡",yes
1387,2025-10-31,500000,0.6,unclassified,$500k,The new top of funnel isn't $MTPLF or $MSTR call options... it's bitcoin fiction.  We are at the precipice of a euphoric bull market the likes of which the world has never seen.  $500k cometh. https://t.co/mRd1GYoHPL,yes
1403,2026-01-05,200000,0.7,conditional,$200k,"26 Bold Bitcoin Predictions for 2026:  1) We freaking rip to start the year  2) We freaking dip right after... immediate despair  3) Wait we actually do rip, $200k by end of May  4) James Wynn somehow calls everything incorrectly and is liquidated  5) XRP bots come out in force for manufactured pump to scam over retail  6) Money printers turn on for yet another ""once in a lifetime"" style event.  7) Strategy prefs go parabolic, Saylor is printing money  8) $MSTR hits $1000, new paradigm  9) Oh shit, not new paradigm, back to $500, it's so over  10) Vitalik finally admits ETH was a failure  11) Huge nation state buys bitcoin in size WE ARE ACTUALLY SO FREAKING BACK  12) Bitcoin hits $420k  13) Weed fully legalized in USA  14) AI bubble pops  15) Big daddy Trump bails everything out before midterms  16) Stocks rip  17) Bitcoin at $550k for midterms, your family finally respects you  18) You finally read Blood of the Bourgeoisie, new favorite book  19) You give it to your wife, she loves it so much the fire in your relationship is reignited  20) You make passionate love, she gets pregnant  21) Decide you'll name your son Sully in my honor  22) AI bubble pops again, no more bailout this time  23) Stocks dump  24) BTC tanks  25) Bitcoin is ""dead"" in December at $210k  26) A few of you bookmark this post so you can remind me in December how big of an idiot I am",yes
1405,2026-01-05,550000,0.7,conditional,$550k,"26 Bold Bitcoin Predictions for 2026:  1) We freaking rip to start the year  2) We freaking dip right after... immediate despair  3) Wait we actually do rip, $200k by end of May  4) James Wynn somehow calls everything incorrectly and is liquidated  5) XRP bots come out in force for manufactured pump to scam over retail  6) Money printers turn on for yet another ""once in a lifetime"" style event.  7) Strategy prefs go parabolic, Saylor is printing money  8) $MSTR hits $1000, new paradigm  9) Oh shit, not new paradigm, back to $500, it's so over  10) Vitalik finally admits ETH was a failure  11) Huge nation state buys bitcoin in size WE ARE ACTUALLY SO FREAKING BACK  12) Bitcoin hits $420k  13) Weed fully legalized in USA  14) AI bubble pops  15) Big daddy Trump bails everything out before midterms  16) Stocks rip  17) Bitcoin at $550k for midterms, your family finally respects you  18) You finally read Blood of the Bourgeoisie, new favorite book  19) You give it to your wife, she loves it so much the fire in your relationship is reignited  20) You make passionate love, she gets pregnant  21) Decide you'll name your son Sully in my honor  22) AI bubble pops again, no more bailout this time  23) Stocks dump  24) BTC tanks  25) Bitcoin is ""dead"" in December at $210k  26) A few of you bookmark this post so you can remind me in December how big of an idiot I am",yes
1404,2026-01-05,420000,0.7,conditional,$420k,"26 Bold Bitcoin Predictions for 2026:  1) We freaking rip to start the year  2) We freaking dip right after... immediate despair  3) Wait we actually do rip, $200k by end of May  4) James Wynn somehow calls everything incorrectly and is liquidated  5) XRP bots come out in force for manufactured pump to scam over retail  6) Money printers turn on for yet another ""once in a lifetime"" style event.  7) Strategy prefs go parabolic, Saylor is printing money  8) $MSTR hits $1000, new paradigm  9) Oh shit, not new paradigm, back to $500, it's so over  10) Vitalik finally admits ETH was a failure  11) Huge nation state buys bitcoin in size WE ARE ACTUALLY SO FREAKING BACK  12) Bitcoin hits $420k  13) Weed fully legalized in USA  14) AI bubble pops  15) Big daddy Trump bails everything out before midterms  16) Stocks rip  17) Bitcoin at $550k for midterms, your family finally respects you  18) You finally read Blood of the Bourgeoisie, new favorite book  19) You give it to your wife, she loves it so much the fire in your relationship is reignited  20) You make passionate love, she gets pregnant  21) Decide you'll name your son Sully in my honor  22) AI bubble pops again, no more bailout this time  23) Stocks dump  24) BTC tanks  25) Bitcoin is ""dead"" in December at $210k  26) A few of you bookmark this post so you can remind me in December how big of an idiot I am",
1406,2026-01-05,210000,0.7,conditional,$210k,"26 Bold Bitcoin Predictions for 2026:  1) We freaking rip to start the year  2) We freaking dip right after... immediate despair  3) Wait we actually do rip, $200k by end of May  4) James Wynn somehow calls everything incorrectly and is liquidated  5) XRP bots come out in force for manufactured pump to scam over retail  6) Money printers turn on for yet another ""once in a lifetime"" style event.  7) Strategy prefs go parabolic, Saylor is printing money  8) $MSTR hits $1000, new paradigm  9) Oh shit, not new paradigm, back to $500, it's so over  10) Vitalik finally admits ETH was a failure  11) Huge nation state buys bitcoin in size WE ARE ACTUALLY SO FREAKING BACK  12) Bitcoin hits $420k  13) Weed fully legalized in USA  14) AI bubble pops  15) Big daddy Trump bails everything out before midterms  16) Stocks rip  17) Bitcoin at $550k for midterms, your family finally respects you  18) You finally read Blood of the Bourgeoisie, new favorite book  19) You give it to your wife, she loves it so much the fire in your relationship is reignited  20) You make passionate love, she gets pregnant  21) Decide you'll name your son Sully in my honor  22) AI bubble pops again, no more bailout this time  23) Stocks dump  24) BTC tanks  25) Bitcoin is ""dead"" in December at $210k  26) A few of you bookmark this post so you can remind me in December how big of an idiot I am",
1408,2026-01-17,325000,0.6,unclassified,$325k,"Not as good as a $325k home equity loan to stack sats, but this thing is 🔥🔥🔥  https://t.co/bcDG0R7UDb",no
1421,2026-02-10,150000,0.6,conditional,$150k,"Funniest Possible Bitcoin Price Outcome:  -Four year cycle maxis sold, waiting for lower  -Expecting a break below 200WMA   -""bEcAuSe tHaTs WhAt aLwAyS hApPeNs""  -Market expects lots of chopping and sideways to down price action since ""that's how this market has been so far""  -""we've got nothing but time to stack lower""  -""Trump won't pump the market till closer to midterms""  ...but wouldn't it be hilarious if literally everyone is wrong?  -Vol stays high... but we move upwards, no more chop  -Patient sideline bros realize they were wrong, ape back in as we approach $100k  -Cocky shorts get liquidated and provide blast off fuel up through $150k  -""How can bitcoin do this when gold, mag7, and AI stocks are flat?!?""  -No one knows  -Only plausible explanation is that bitcoin is a sentient technological being designed to flush out the weak handed and unfaithful  -Literally everyone is wrong except those who sat on their hands with conviction  Book it.",
1420,2026-02-10,100000,0.6,conditional,$100k,"Funniest Possible Bitcoin Price Outcome:  -Four year cycle maxis sold, waiting for lower  -Expecting a break below 200WMA   -""bEcAuSe tHaTs WhAt aLwAyS hApPeNs""  -Market expects lots of chopping and sideways to down price action since ""that's how this market has been so far""  -""we've got nothing but time to stack lower""  -""Trump won't pump the market till closer to midterms""  ...but wouldn't it be hilarious if literally everyone is wrong?  -Vol stays high... but we move upwards, no more chop  -Patient sideline bros realize they were wrong, ape back in as we approach $100k  -Cocky shorts get liquidated and provide blast off fuel up through $150k  -""How can bitcoin do this when gold, mag7, and AI stocks are flat?!?""  -No one knows  -Only plausible explanation is that bitcoin is a sentient technological being designed to flush out the weak handed and unfaithful  -Literally everyone is wrong except those who sat on their hands with conviction  Book it.",
1442,2026-04-06,175000,0.6,unclassified,$175k,"@BitPaine @dustinwatchman I voted for this (this being $175k BTC and $1,000 $MSTR, these are my politics)",yes
1444,2026-04-08,92000,0.6,historical,$92k,"Then when the price of Bitcoin ""crashed"" down to $92k and MSTR was floating right around $300 I (comically) posted the following about their being ""low sentiment""  Sigh... I was so young and naive back then.  Hard to have been more wrong TBH. https://t.co/d2Ygyahji1",yes